job_title,city
Software Engineer,New York
Software Engineer,Los Angeles
Software Engineer,Chicago
Software Engineer,Houston
Software Engineer,Phoenix
Software Engineer,Philadelphia
Software Engineer,San Antonio
Software Engineer,San Diego
Software Engineer,Dallas
Software Engineer,Jacksonville
Software Engineer,Austin
Software Engineer,San Jose
Software Engineer,Fort Worth
Software Engineer,Columbus
Software Engineer,Charlotte
Software Engineer,San Francisco
Software Engineer,Indianapolis
Software Engineer,Seattle
Software Engineer,Denver
Software Engineer,Washington
Software Engineer,Boston
Software Engineer,El Paso
Software Engineer,Nashville
Software Engineer,Detroit
Software Engineer,Oklahoma City
Software Engineer,Portland
Software Engineer,Las Vegas
Software Engineer,Memphis
Software Engineer,Louisville
Software Engineer,Baltimore
Software Engineer,Milwaukee
Software Engineer,Albuquerque
Software Engineer,Tucson
Software Engineer,Fresno
Software Engineer,Sacramento
Registered Nurse,New York
Registered Nurse,Los Angeles
Registered Nurse,Chicago
Registered Nurse,Houston
Registered Nurse,Phoenix
Registered Nurse,Philadelphia
Registered Nurse,San Antonio
Registered Nurse,San Diego
Registered Nurse,Dallas
Registered Nurse,Jacksonville
Registered Nurse,Austin
Registered Nurse,San Jose
Registered Nurse,Fort Worth
Registered Nurse,Columbus
Registered Nurse,Charlotte
Registered Nurse,San Francisco
Registered Nurse,Indianapolis
Registered Nurse,Seattle
Registered Nurse,Denver
Registered Nurse,Washington
Registered Nurse,Boston
Registered Nurse,El Paso
Registered Nurse,Nashville
Registered Nurse,Detroit
Registered Nurse,Oklahoma City
Registered Nurse,Portland
Registered Nurse,Las Vegas
Registered Nurse,Memphis
Registered Nurse,Louisville
Registered Nurse,Baltimore
Registered Nurse,Milwaukee
Registered Nurse,Albuquerque
Registered Nurse,Tucson
Registered Nurse,Fresno
Registered Nurse,Sacramento
Project Manager,New York
Project Manager,Los Angeles
Project Manager,Chicago
Project Manager,Houston
Project Manager,Phoenix
Project Manager,Philadelphia
Project Manager,San Antonio
Project Manager,San Diego
Project Manager,Dallas
Project Manager,Jacksonville
Project Manager,Austin
Project Manager,San Jose
Project Manager,Fort Worth
Project Manager,Columbus
Project Manager,Charlotte
Project Manager,San Francisco
Project Manager,Indianapolis
Project Manager,Seattle
Project Manager,Denver
Project Manager,Washington
Project Manager,Boston
Project Manager,El Paso
Project Manager,Nashville
Project Manager,Detroit
Project Manager,Oklahoma City
Project Manager,Portland
Project Manager,Las Vegas
Project Manager,Memphis
Project Manager,Louisville
Project Manager,Baltimore
Project Manager,Milwaukee
Project Manager,Albuquerque
Project Manager,Tucson
Project Manager,Fresno
Project Manager,Sacramento
Data Analyst,New York
Data Analyst,Los Angeles
Data Analyst,Chicago
Data Analyst,Houston
Data Analyst,Phoenix
Data Analyst,Philadelphia
Data Analyst,San Antonio
Data Analyst,San Diego
Data Analyst,Dallas
Data Analyst,Jacksonville
Data Analyst,Austin
Data Analyst,San Jose
Data Analyst,Fort Worth
Data Analyst,Columbus
Data Analyst,Charlotte
Data Analyst,San Francisco
Data Analyst,Indianapolis
Data Analyst,Seattle
Data Analyst,Denver
Data Analyst,Washington
Data Analyst,Boston
Data Analyst,El Paso
Data Analyst,Nashville
Data Analyst,Detroit
Data Analyst,Oklahoma City
Data Analyst,Portland
Data Analyst,Las Vegas
Data Analyst,Memphis
Data Analyst,Louisville
Data Analyst,Baltimore
Data Analyst,Milwaukee
Data Analyst,Albuquerque
Data Analyst,Tucson
Data Analyst,Fresno
Data Analyst,Sacramento
Sales Representative,New York
Sales Representative,Los Angeles
Sales Representative,Chicago
Sales Representative,Houston
Sales Representative,Phoenix
Sales Representative,Philadelphia
Sales Representative,San Antonio
Sales Representative,San Diego
Sales Representative,Dallas
Sales Representative,Jacksonville
Sales Representative,Austin
Sales Representative,San Jose
Sales Representative,Fort Worth
Sales Representative,Columbus
Sales Representative,Charlotte
Sales Representative,San Francisco
Sales Representative,Indianapolis
Sales Representative,Seattle
Sales Representative,Denver
Sales Representative,Washington
Sales Representative,Boston
Sales Representative,El Paso
Sales Representative,Nashville
Sales Representative,Detroit
Sales Representative,Oklahoma City
Sales Representative,Portland
Sales Representative,Las Vegas
Sales Representative,Memphis
Sales Representative,Louisville
Sales Representative,Baltimore
Sales Representative,Milwaukee
Sales Representative,Albuquerque
Sales Representative,Tucson
Sales Representative,Fresno
Sales Representative,Sacramento
Mechanical Engineer,New York
Mechanical Engineer,Los Angeles
Mechanical Engineer,Chicago
Mechanical Engineer,Houston
Mechanical Engineer,Phoenix
Mechanical Engineer,Philadelphia
Mechanical Engineer,San Antonio
Mechanical Engineer,San Diego
Mechanical Engineer,Dallas
Mechanical Engineer,Jacksonville
Mechanical Engineer,Austin
Mechanical Engineer,San Jose
Mechanical Engineer,Fort Worth
Mechanical Engineer,Columbus
Mechanical Engineer,Charlotte
Mechanical Engineer,San Francisco
Mechanical Engineer,Indianapolis
Mechanical Engineer,Seattle
Mechanical Engineer,Denver
Mechanical Engineer,Washington
Mechanical Engineer,Boston
Mechanical Engineer,El Paso
Mechanical Engineer,Nashville
Mechanical Engineer,Detroit
Mechanical Engineer,Oklahoma City
Mechanical Engineer,Portland
Mechanical Engineer,Las Vegas
Mechanical Engineer,Memphis
Mechanical Engineer,Louisville
Mechanical Engineer,Baltimore
Mechanical Engineer,Milwaukee
Mechanical Engineer,Albuquerque
Mechanical Engineer,Tucson
Mechanical Engineer,Fresno
Mechanical Engineer,Sacramento
Marketing Manager,New York
Marketing Manager,Los Angeles
Marketing Manager,Chicago
Marketing Manager,Houston
Marketing Manager,Phoenix
Marketing Manager,Philadelphia
Marketing Manager,San Antonio
Marketing Manager,San Diego
Marketing Manager,Dallas
Marketing Manager,Jacksonville
Marketing Manager,Austin
Marketing Manager,San Jose
Marketing Manager,Fort Worth
Marketing Manager,Columbus
Marketing Manager,Charlotte
Marketing Manager,San Francisco
Marketing Manager,Indianapolis
Marketing Manager,Seattle
Marketing Manager,Denver
Marketing Manager,Washington
Marketing Manager,Boston
Marketing Manager,El Paso
Marketing Manager,Nashville
Marketing Manager,Detroit
Marketing Manager,Oklahoma City
Marketing Manager,Portland
Marketing Manager,Las Vegas
Marketing Manager,Memphis
Marketing Manager,Louisville
Marketing Manager,Baltimore
Marketing Manager,Milwaukee
Marketing Manager,Albuquerque
Marketing Manager,Tucson
Marketing Manager,Fresno
Marketing Manager,Sacramento
Financial Analyst,New York
Financial Analyst,Los Angeles
Financial Analyst,Chicago
Financial Analyst,Houston
Financial Analyst,Phoenix
Financial Analyst,Philadelphia
Financial Analyst,San Antonio
Financial Analyst,San Diego
Financial Analyst,Dallas
Financial Analyst,Jacksonville
Financial Analyst,Austin
Financial Analyst,San Jose
Financial Analyst,Fort Worth
Financial Analyst,Columbus
Financial Analyst,Charlotte
Financial Analyst,San Francisco
Financial Analyst,Indianapolis
Financial Analyst,Seattle
Financial Analyst,Denver
Financial Analyst,Washington
Financial Analyst,Boston
Financial Analyst,El Paso
Financial Analyst,Nashville
Financial Analyst,Detroit
Financial Analyst,Oklahoma City
Financial Analyst,Portland
Financial Analyst,Las Vegas
Financial Analyst,Memphis
Financial Analyst,Louisville
Financial Analyst,Baltimore
Financial Analyst,Milwaukee
Financial Analyst,Albuquerque
Financial Analyst,Tucson
Financial Analyst,Fresno
Financial Analyst,Sacramento
Human Resources Manager,New York
Human Resources Manager,Los Angeles
Human Resources Manager,Chicago
Human Resources Manager,Houston
Human Resources Manager,Phoenix
Human Resources Manager,Philadelphia
Human Resources Manager,San Antonio
Human Resources Manager,San Diego
Human Resources Manager,Dallas
Human Resources Manager,Jacksonville
Human Resources Manager,Austin
Human Resources Manager,San Jose
Human Resources Manager,Fort Worth
Human Resources Manager,Columbus
Human Resources Manager,Charlotte
Human Resources Manager,San Francisco
Human Resources Manager,Indianapolis
Human Resources Manager,Seattle
Human Resources Manager,Denver
Human Resources Manager,Washington
Human Resources Manager,Boston
Human Resources Manager,El Paso
Human Resources Manager,Nashville
Human Resources Manager,Detroit
Human Resources Manager,Oklahoma City
Human Resources Manager,Portland
Human Resources Manager,Las Vegas
Human Resources Manager,Memphis
Human Resources Manager,Louisville
Human Resources Manager,Baltimore
Human Resources Manager,Milwaukee
Human Resources Manager,Albuquerque
Human Resources Manager,Tucson
Human Resources Manager,Fresno
Human Resources Manager,Sacramento
Electrician,New York
Electrician,Los Angeles
Electrician,Chicago
Electrician,Houston
Electrician,Phoenix
Electrician,Philadelphia
Electrician,San Antonio
Electrician,San Diego
Electrician,Dallas
Electrician,Jacksonville
Electrician,Austin
Electrician,San Jose
Electrician,Fort Worth
Electrician,Columbus
Electrician,Charlotte
Electrician,San Francisco
Electrician,Indianapolis
Electrician,Seattle
Electrician,Denver
Electrician,Washington
Electrician,Boston
Electrician,El Paso
Electrician,Nashville
Electrician,Detroit
Electrician,Oklahoma City
Electrician,Portland
Electrician,Las Vegas
Electrician,Memphis
Electrician,Louisville
Electrician,Baltimore
Electrician,Milwaukee
Electrician,Albuquerque
Electrician,Tucson
Electrician,Fresno
Electrician,Sacramento
Business Analyst,New York
Business Analyst,Los Angeles
Business Analyst,Chicago
Business Analyst,Houston
Business Analyst,Phoenix
Business Analyst,Philadelphia
Business Analyst,San Antonio
Business Analyst,San Diego
Business Analyst,Dallas
Business Analyst,Jacksonville
Business Analyst,Austin
Business Analyst,San Jose
Business Analyst,Fort Worth
Business Analyst,Columbus
Business Analyst,Charlotte
Business Analyst,San Francisco
Business Analyst,Indianapolis
Business Analyst,Seattle
Business Analyst,Denver
Business Analyst,Washington
Business Analyst,Boston
Business Analyst,El Paso
Business Analyst,Nashville
Business Analyst,Detroit
Business Analyst,Oklahoma City
Business Analyst,Portland
Business Analyst,Las Vegas
Business Analyst,Memphis
Business Analyst,Louisville
Business Analyst,Baltimore
Business Analyst,Milwaukee
Business Analyst,Albuquerque
Business Analyst,Tucson
Business Analyst,Fresno
Business Analyst,Sacramento
Product Manager,New York
Product Manager,Los Angeles
Product Manager,Chicago
Product Manager,Houston
Product Manager,Phoenix
Product Manager,Philadelphia
Product Manager,San Antonio
Product Manager,San Diego
Product Manager,Dallas
Product Manager,Jacksonville
Product Manager,Austin
Product Manager,San Jose
Product Manager,Fort Worth
Product Manager,Columbus
Product Manager,Charlotte
Product Manager,San Francisco
Product Manager,Indianapolis
Product Manager,Seattle
Product Manager,Denver
Product Manager,Washington
Product Manager,Boston
Product Manager,El Paso
Product Manager,Nashville
Product Manager,Detroit
Product Manager,Oklahoma City
Product Manager,Portland
Product Manager,Las Vegas
Product Manager,Memphis
Product Manager,Louisville
Product Manager,Baltimore
Product Manager,Milwaukee
Product Manager,Albuquerque
Product Manager,Tucson
Product Manager,Fresno
Product Manager,Sacramento
Operations Manager,New York
Operations Manager,Los Angeles
Operations Manager,Chicago
Operations Manager,Houston
Operations Manager,Phoenix
Operations Manager,Philadelphia
Operations Manager,San Antonio
Operations Manager,San Diego
Operations Manager,Dallas
Operations Manager,Jacksonville
Operations Manager,Austin
Operations Manager,San Jose
Operations Manager,Fort Worth
Operations Manager,Columbus
Operations Manager,Charlotte
Operations Manager,San Francisco
Operations Manager,Indianapolis
Operations Manager,Seattle
Operations Manager,Denver
Operations Manager,Washington
Operations Manager,Boston
Operations Manager,El Paso
Operations Manager,Nashville
Operations Manager,Detroit
Operations Manager,Oklahoma City
Operations Manager,Portland
Operations Manager,Las Vegas
Operations Manager,Memphis
Operations Manager,Louisville
Operations Manager,Baltimore
Operations Manager,Milwaukee
Operations Manager,Albuquerque
Operations Manager,Tucson
Operations Manager,Fresno
Operations Manager,Sacramento
Web Developer,New York
Web Developer,Los Angeles
Web Developer,Chicago
Web Developer,Houston
Web Developer,Phoenix
Web Developer,Philadelphia
Web Developer,San Antonio
Web Developer,San Diego
Web Developer,Dallas
Web Developer,Jacksonville
Web Developer,Austin
Web Developer,San Jose
Web Developer,Fort Worth
Web Developer,Columbus
Web Developer,Charlotte
Web Developer,San Francisco
Web Developer,Indianapolis
Web Developer,Seattle
Web Developer,Denver
Web Developer,Washington
Web Developer,Boston
Web Developer,El Paso
Web Developer,Nashville
Web Developer,Detroit
Web Developer,Oklahoma City
Web Developer,Portland
Web Developer,Las Vegas
Web Developer,Memphis
Web Developer,Louisville
Web Developer,Baltimore
Web Developer,Milwaukee
Web Developer,Albuquerque
Web Developer,Tucson
Web Developer,Fresno
Web Developer,Sacramento
Accountant,New York
Accountant,Los Angeles
Accountant,Chicago
Accountant,Houston
Accountant,Phoenix
Accountant,Philadelphia
Accountant,San Antonio
Accountant,San Diego
Accountant,Dallas
Accountant,Jacksonville
Accountant,Austin
Accountant,San Jose
Accountant,Fort Worth
Accountant,Columbus
Accountant,Charlotte
Accountant,San Francisco
Accountant,Indianapolis
Accountant,Seattle
Accountant,Denver
Accountant,Washington
Accountant,Boston
Accountant,El Paso
Accountant,Nashville
Accountant,Detroit
Accountant,Oklahoma City
Accountant,Portland
Accountant,Las Vegas
Accountant,Memphis
Accountant,Louisville
Accountant,Baltimore
Accountant,Milwaukee
Accountant,Albuquerque
Accountant,Tucson
Accountant,Fresno
Accountant,Sacramento
Administrative Assistant,New York
Administrative Assistant,Los Angeles
Administrative Assistant,Chicago
Administrative Assistant,Houston
Administrative Assistant,Phoenix
Administrative Assistant,Philadelphia
Administrative Assistant,San Antonio
Administrative Assistant,San Diego
Administrative Assistant,Dallas
Administrative Assistant,Jacksonville
Administrative Assistant,Austin
Administrative Assistant,San Jose
Administrative Assistant,Fort Worth
Administrative Assistant,Columbus
Administrative Assistant,Charlotte
Administrative Assistant,San Francisco
Administrative Assistant,Indianapolis
Administrative Assistant,Seattle
Administrative Assistant,Denver
Administrative Assistant,Washington
Administrative Assistant,Boston
Administrative Assistant,El Paso
Administrative Assistant,Nashville
Administrative Assistant,Detroit
Administrative Assistant,Oklahoma City
Administrative Assistant,Portland
Administrative Assistant,Las Vegas
Administrative Assistant,Memphis
Administrative Assistant,Louisville
Administrative Assistant,Baltimore
Administrative Assistant,Milwaukee
Administrative Assistant,Albuquerque
Administrative Assistant,Tucson
Administrative Assistant,Fresno
Administrative Assistant,Sacramento
Medical Assistant,New York
Medical Assistant,Los Angeles
Medical Assistant,Chicago
Medical Assistant,Houston
Medical Assistant,Phoenix
Medical Assistant,Philadelphia
Medical Assistant,San Antonio
Medical Assistant,San Diego
Medical Assistant,Dallas
Medical Assistant,Jacksonville
Medical Assistant,Austin
Medical Assistant,San Jose
Medical Assistant,Fort Worth
Medical Assistant,Columbus
Medical Assistant,Charlotte
Medical Assistant,San Francisco
Medical Assistant,Indianapolis
Medical Assistant,Seattle
Medical Assistant,Denver
Medical Assistant,Washington
Medical Assistant,Boston
Medical Assistant,El Paso
Medical Assistant,Nashville
Medical Assistant,Detroit
Medical Assistant,Oklahoma City
Medical Assistant,Portland
Medical Assistant,Las Vegas
Medical Assistant,Memphis
Medical Assistant,Louisville
Medical Assistant,Baltimore
Medical Assistant,Milwaukee
Medical Assistant,Albuquerque
Medical Assistant,Tucson
Medical Assistant,Fresno
Medical Assistant,Sacramento
UX Designer,New York
UX Designer,Los Angeles
UX Designer,Chicago
UX Designer,Houston
UX Designer,Phoenix
UX Designer,Philadelphia
UX Designer,San Antonio
UX Designer,San Diego
UX Designer,Dallas
UX Designer,Jacksonville
UX Designer,Austin
UX Designer,San Jose
UX Designer,Fort Worth
UX Designer,Columbus
UX Designer,Charlotte
UX Designer,San Francisco
UX Designer,Indianapolis
UX Designer,Seattle
UX Designer,Denver
UX Designer,Washington
UX Designer,Boston
UX Designer,El Paso
UX Designer,Nashville
UX Designer,Detroit
UX Designer,Oklahoma City
UX Designer,Portland
UX Designer,Las Vegas
UX Designer,Memphis
UX Designer,Louisville
UX Designer,Baltimore
UX Designer,Milwaukee
UX Designer,Albuquerque
UX Designer,Tucson
UX Designer,Fresno
UX Designer,Sacramento
Construction Manager,New York
Construction Manager,Los Angeles
Construction Manager,Chicago
Construction Manager,Houston
Construction Manager,Phoenix
Construction Manager,Philadelphia
Construction Manager,San Antonio
Construction Manager,San Diego
Construction Manager,Dallas
Construction Manager,Jacksonville
Construction Manager,Austin
Construction Manager,San Jose
Construction Manager,Fort Worth
Construction Manager,Columbus
Construction Manager,Charlotte
Construction Manager,San Francisco
Construction Manager,Indianapolis
Construction Manager,Seattle
Construction Manager,Denver
Construction Manager,Washington
Construction Manager,Boston
Construction Manager,El Paso
Construction Manager,Nashville
Construction Manager,Detroit
Construction Manager,Oklahoma City
Construction Manager,Portland
Construction Manager,Las Vegas
Construction Manager,Memphis
Construction Manager,Louisville
Construction Manager,Baltimore
Construction Manager,Milwaukee
Construction Manager,Albuquerque
Construction Manager,Tucson
Construction Manager,Fresno
Construction Manager,Sacramento
Systems Administrator,New York
Systems Administrator,Los Angeles
Systems Administrator,Chicago
Systems Administrator,Houston
Systems Administrator,Phoenix
Systems Administrator,Philadelphia
Systems Administrator,San Antonio
Systems Administrator,San Diego
Systems Administrator,Dallas
Systems Administrator,Jacksonville
Systems Administrator,Austin
Systems Administrator,San Jose
Systems Administrator,Fort Worth
Systems Administrator,Columbus
Systems Administrator,Charlotte
Systems Administrator,San Francisco
Systems Administrator,Indianapolis
Systems Administrator,Seattle
Systems Administrator,Denver
Systems Administrator,Washington
Systems Administrator,Boston
Systems Administrator,El Paso
Systems Administrator,Nashville
Systems Administrator,Detroit
Systems Administrator,Oklahoma City
Systems Administrator,Portland
Systems Administrator,Las Vegas
Systems Administrator,Memphis
Systems Administrator,Louisville
Systems Administrator,Baltimore
Systems Administrator,Milwaukee
Systems Administrator,Albuquerque
Systems Administrator,Tucson
Systems Administrator,Fresno
Systems Administrator,Sacramento
Customer Service Representative,New York
Customer Service Representative,Los Angeles
Customer Service Representative,Chicago
Customer Service Representative,Houston
Customer Service Representative,Phoenix
Customer Service Representative,Philadelphia
Customer Service Representative,San Antonio
Customer Service Representative,San Diego
Customer Service Representative,Dallas
Customer Service Representative,Jacksonville
Customer Service Representative,Austin
Customer Service Representative,San Jose
Customer Service Representative,Fort Worth
Customer Service Representative,Columbus
Customer Service Representative,Charlotte
Customer Service Representative,San Francisco
Customer Service Representative,Indianapolis
Customer Service Representative,Seattle
Customer Service Representative,Denver
Customer Service Representative,Washington
Customer Service Representative,Boston
Customer Service Representative,El Paso
Customer Service Representative,Nashville
Customer Service Representative,Detroit
Customer Service Representative,Oklahoma City
Customer Service Representative,Portland
Customer Service Representative,Las Vegas
Customer Service Representative,Memphis
Customer Service Representative,Louisville
Customer Service Representative,Baltimore
Customer Service Representative,Milwaukee
Customer Service Representative,Albuquerque
Customer Service Representative,Tucson
Customer Service Representative,Fresno
Customer Service Representative,Sacramento
Graphic Designer,New York
Graphic Designer,Los Angeles
Graphic Designer,Chicago
Graphic Designer,Houston
Graphic Designer,Phoenix
Graphic Designer,Philadelphia
Graphic Designer,San Antonio
Graphic Designer,San Diego
Graphic Designer,Dallas
Graphic Designer,Jacksonville
Graphic Designer,Austin
Graphic Designer,San Jose
Graphic Designer,Fort Worth
Graphic Designer,Columbus
Graphic Designer,Charlotte
Graphic Designer,San Francisco
Graphic Designer,Indianapolis
Graphic Designer,Seattle
Graphic Designer,Denver
Graphic Designer,Washington
Graphic Designer,Boston
Graphic Designer,El Paso
Graphic Designer,Nashville
Graphic Designer,Detroit
Graphic Designer,Oklahoma City
Graphic Designer,Portland
Graphic Designer,Las Vegas
Graphic Designer,Memphis
Graphic Designer,Louisville
Graphic Designer,Baltimore
Graphic Designer,Milwaukee
Graphic Designer,Albuquerque
Graphic Designer,Tucson
Graphic Designer,Fresno
Graphic Designer,Sacramento
Application Engineer,New York
Application Engineer,Los Angeles
Application Engineer,Chicago
Application Engineer,Houston
Application Engineer,Phoenix
Application Engineer,Philadelphia
Application Engineer,San Antonio
Application Engineer,San Diego
Application Engineer,Dallas
Application Engineer,Jacksonville
Application Engineer,Austin
Application Engineer,San Jose
Application Engineer,Fort Worth
Application Engineer,Columbus
Application Engineer,Charlotte
Application Engineer,San Francisco
Application Engineer,Indianapolis
Application Engineer,Seattle
Application Engineer,Denver
Application Engineer,Washington
Application Engineer,Boston
Application Engineer,El Paso
Application Engineer,Nashville
Application Engineer,Detroit
Application Engineer,Oklahoma City
Application Engineer,Portland
Application Engineer,Las Vegas
Application Engineer,Memphis
Application Engineer,Louisville
Application Engineer,Baltimore
Application Engineer,Milwaukee
Application Engineer,Albuquerque
Application Engineer,Tucson
Application Engineer,Fresno
Application Engineer,Sacramento
Clinical Research Associate,New York
Clinical Research Associate,Los Angeles
Clinical Research Associate,Chicago
Clinical Research Associate,Houston
Clinical Research Associate,Phoenix
Clinical Research Associate,Philadelphia
Clinical Research Associate,San Antonio
Clinical Research Associate,San Diego
Clinical Research Associate,Dallas
Clinical Research Associate,Jacksonville
Clinical Research Associate,Austin
Clinical Research Associate,San Jose
Clinical Research Associate,Fort Worth
Clinical Research Associate,Columbus
Clinical Research Associate,Charlotte
Clinical Research Associate,San Francisco
Clinical Research Associate,Indianapolis
Clinical Research Associate,Seattle
Clinical Research Associate,Denver
Clinical Research Associate,Washington
Clinical Research Associate,Boston
Clinical Research Associate,El Paso
Clinical Research Associate,Nashville
Clinical Research Associate,Detroit
Clinical Research Associate,Oklahoma City
Clinical Research Associate,Portland
Clinical Research Associate,Las Vegas
Clinical Research Associate,Memphis
Clinical Research Associate,Louisville
Clinical Research Associate,Baltimore
Clinical Research Associate,Milwaukee
Clinical Research Associate,Albuquerque
Clinical Research Associate,Tucson
Clinical Research Associate,Fresno
Clinical Research Associate,Sacramento
Civil Engineer,New York
Civil Engineer,Los Angeles
Civil Engineer,Chicago
Civil Engineer,Houston
Civil Engineer,Phoenix
Civil Engineer,Philadelphia
Civil Engineer,San Antonio
Civil Engineer,San Diego
Civil Engineer,Dallas
Civil Engineer,Jacksonville
Civil Engineer,Austin
Civil Engineer,San Jose
Civil Engineer,Fort Worth
Civil Engineer,Columbus
Civil Engineer,Charlotte
Civil Engineer,San Francisco
Civil Engineer,Indianapolis
Civil Engineer,Seattle
Civil Engineer,Denver
Civil Engineer,Washington
Civil Engineer,Boston
Civil Engineer,El Paso
Civil Engineer,Nashville
Civil Engineer,Detroit
Civil Engineer,Oklahoma City
Civil Engineer,Portland
Civil Engineer,Las Vegas
Civil Engineer,Memphis
Civil Engineer,Louisville
Civil Engineer,Baltimore
Civil Engineer,Milwaukee
Civil Engineer,Albuquerque
Civil Engineer,Tucson
Civil Engineer,Fresno
Civil Engineer,Sacramento
Teacher,New York
Teacher,Los Angeles
Teacher,Chicago
Teacher,Houston
Teacher,Phoenix
Teacher,Philadelphia
Teacher,San Antonio
Teacher,San Diego
Teacher,Dallas
Teacher,Jacksonville
Teacher,Austin
Teacher,San Jose
Teacher,Fort Worth
Teacher,Columbus
Teacher,Charlotte
Teacher,San Francisco
Teacher,Indianapolis
Teacher,Seattle
Teacher,Denver
Teacher,Washington
Teacher,Boston
Teacher,El Paso
Teacher,Nashville
Teacher,Detroit
Teacher,Oklahoma City
Teacher,Portland
Teacher,Las Vegas
Teacher,Memphis
Teacher,Louisville
Teacher,Baltimore
Teacher,Milwaukee
Teacher,Albuquerque
Teacher,Tucson
Teacher,Fresno
Teacher,Sacramento
Software Developer,New York
Software Developer,Los Angeles
Software Developer,Chicago
Software Developer,Houston
Software Developer,Phoenix
Software Developer,Philadelphia
Software Developer,San Antonio
Software Developer,San Diego
Software Developer,Dallas
Software Developer,Jacksonville
Software Developer,Austin
Software Developer,San Jose
Software Developer,Fort Worth
Software Developer,Columbus
Software Developer,Charlotte
Software Developer,San Francisco
Software Developer,Indianapolis
Software Developer,Seattle
Software Developer,Denver
Software Developer,Washington
Software Developer,Boston
Software Developer,El Paso
Software Developer,Nashville
Software Developer,Detroit
Software Developer,Oklahoma City
Software Developer,Portland
Software Developer,Las Vegas
Software Developer,Memphis
Software Developer,Louisville
Software Developer,Baltimore
Software Developer,Milwaukee
Software Developer,Albuquerque
Software Developer,Tucson
Software Developer,Fresno
Software Developer,Sacramento
Physician Assistant,New York
Physician Assistant,Los Angeles
Physician Assistant,Chicago
Physician Assistant,Houston
Physician Assistant,Phoenix
Physician Assistant,Philadelphia
Physician Assistant,San Antonio
Physician Assistant,San Diego
Physician Assistant,Dallas
Physician Assistant,Jacksonville
Physician Assistant,Austin
Physician Assistant,San Jose
Physician Assistant,Fort Worth
Physician Assistant,Columbus
Physician Assistant,Charlotte
Physician Assistant,San Francisco
Physician Assistant,Indianapolis
Physician Assistant,Seattle
Physician Assistant,Denver
Physician Assistant,Washington
Physician Assistant,Boston
Physician Assistant,El Paso
Physician Assistant,Nashville
Physician Assistant,Detroit
Physician Assistant,Oklahoma City
Physician Assistant,Portland
Physician Assistant,Las Vegas
Physician Assistant,Memphis
Physician Assistant,Louisville
Physician Assistant,Baltimore
Physician Assistant,Milwaukee
Physician Assistant,Albuquerque
Physician Assistant,Tucson
Physician Assistant,Fresno
Physician Assistant,Sacramento
Pharmacist,New York
Pharmacist,Los Angeles
Pharmacist,Chicago
Pharmacist,Houston
Pharmacist,Phoenix
Pharmacist,Philadelphia
Pharmacist,San Antonio
Pharmacist,San Diego
Pharmacist,Dallas
Pharmacist,Jacksonville
Pharmacist,Austin
Pharmacist,San Jose
Pharmacist,Fort Worth
Pharmacist,Columbus
Pharmacist,Charlotte
Pharmacist,San Francisco
Pharmacist,Indianapolis
Pharmacist,Seattle
Pharmacist,Denver
Pharmacist,Washington
